{
    "name": "root",
    "metadata": {
        "timer_format_version": "0.1.0",
        "start_time_seconds": "1647470968",
        "python_version": "3.8.5 (default, Sep  4 2020, 02:22:02) \n[Clang 10.0.0 ]",
        "command_line_arguments": "/Users/i.voblenko/Desktop/temp/\u041f\u0440\u043e\u0435\u043a\u0442\u044b/ML Test/venv/bin/mlagents-learn config/walker_conf.yaml --run-id=TestMove",
        "mlagents_version": "0.20.0",
        "mlagents_envs_version": "0.20.0",
        "communication_protocol_version": "1.1.0",
        "tensorflow_version": "2.7.1",
        "numpy_version": "1.18.5",
        "end_time_seconds": "1647471147"
    },
    "total": 179.614002567,
    "count": 1,
    "self": 0.014332242999984146,
    "children": {
        "run_training.setup": {
            "total": 0.025435762000000306,
            "count": 1,
            "self": 0.025435762000000306
        },
        "TrainerController.start_learning": {
            "total": 179.57423456200002,
            "count": 1,
            "self": 0.2553836399994509,
            "children": {
                "TrainerController._reset_env": {
                    "total": 12.441412812,
                    "count": 1,
                    "self": 12.441412812
                },
                "TrainerController.advance": {
                    "total": 165.93937567700053,
                    "count": 10430,
                    "self": 0.12124564600094345,
                    "children": {
                        "env_step": {
                            "total": 165.81813003099958,
                            "count": 10430,
                            "self": 159.8943107690003,
                            "children": {
                                "SubprocessEnvManager._take_step": {
                                    "total": 5.786208254000012,
                                    "count": 10430,
                                    "self": 0.2372007589999292,
                                    "children": {
                                        "TFPolicy.evaluate": {
                                            "total": 5.549007495000083,
                                            "count": 6717,
                                            "self": 5.549007495000083
                                        }
                                    }
                                },
                                "workers": {
                                    "total": 0.1376110079992685,
                                    "count": 10429,
                                    "self": 0.0,
                                    "children": {
                                        "worker_root": {
                                            "total": 107.28950775000055,
                                            "count": 10429,
                                            "is_parallel": true,
                                            "self": 31.69086282800079,
                                            "children": {
                                                "steps_from_proto": {
                                                    "total": 0.0008767219999992193,
                                                    "count": 1,
                                                    "is_parallel": true,
                                                    "self": 0.00010169699999984516,
                                                    "children": {
                                                        "_process_vector_observation": {
                                                            "total": 0.0007750249999993741,
                                                            "count": 2,
                                                            "is_parallel": true,
                                                            "self": 0.0007750249999993741
                                                        }
                                                    }
                                                },
                                                "UnityEnvironment.step": {
                                                    "total": 75.59776819999976,
                                                    "count": 10429,
                                                    "is_parallel": true,
                                                    "self": 1.930642473000546,
                                                    "children": {
                                                        "UnityEnvironment._generate_step_input": {
                                                            "total": 2.0500979129998953,
                                                            "count": 10429,
                                                            "is_parallel": true,
                                                            "self": 2.0500979129998953
                                                        },
                                                        "communicator.exchange": {
                                                            "total": 64.71936005399948,
                                                            "count": 10429,
                                                            "is_parallel": true,
                                                            "self": 64.71936005399948
                                                        },
                                                        "steps_from_proto": {
                                                            "total": 6.897667759999852,
                                                            "count": 10427,
                                                            "is_parallel": true,
                                                            "self": 0.9330355270006692,
                                                            "children": {
                                                                "_process_vector_observation": {
                                                                    "total": 5.9646322329991825,
                                                                    "count": 20854,
                                                                    "is_parallel": true,
                                                                    "self": 5.9646322329991825
                                                                }
                                                            }
                                                        }
                                                    }
                                                }
                                            }
                                        }
                                    }
                                }
                            }
                        }
                    }
                },
                "TrainerController._save_models": {
                    "total": 0.9380624330000273,
                    "count": 1,
                    "self": 0.0019986950000259185,
                    "children": {
                        "RLTrainer._checkpoint": {
                            "total": 0.9360637380000014,
                            "count": 1,
                            "self": 0.9360637380000014
                        }
                    }
                }
            }
        }
    }
}