{
    "name": "root",
    "metadata": {
        "timer_format_version": "0.1.0",
        "start_time_seconds": "1647525597",
        "python_version": "3.8.5 (default, Sep  4 2020, 02:22:02) \n[Clang 10.0.0 ]",
        "command_line_arguments": "/Users/i.voblenko/Desktop/temp/\u041f\u0440\u043e\u0435\u043a\u0442\u044b/ML Test/venv/bin/mlagents-learn config/walker_conf.yaml --run-id=TestMove8",
        "mlagents_version": "0.20.0",
        "mlagents_envs_version": "0.20.0",
        "communication_protocol_version": "1.1.0",
        "tensorflow_version": "2.7.1",
        "numpy_version": "1.18.5",
        "end_time_seconds": "1647525926"
    },
    "total": 329.007477393,
    "count": 1,
    "self": 0.10184946700002229,
    "children": {
        "run_training.setup": {
            "total": 0.029013438999999863,
            "count": 1,
            "self": 0.029013438999999863
        },
        "TrainerController.start_learning": {
            "total": 328.876614487,
            "count": 1,
            "self": 0.29981251299949463,
            "children": {
                "TrainerController._reset_env": {
                    "total": 8.921275859,
                    "count": 1,
                    "self": 8.921275859
                },
                "TrainerController.advance": {
                    "total": 319.0474995240005,
                    "count": 12359,
                    "self": 0.1492839740004115,
                    "children": {
                        "env_step": {
                            "total": 318.8982155500001,
                            "count": 12359,
                            "self": 311.5803640489993,
                            "children": {
                                "SubprocessEnvManager._take_step": {
                                    "total": 7.15462502399965,
                                    "count": 12359,
                                    "self": 0.29949864299957163,
                                    "children": {
                                        "TFPolicy.evaluate": {
                                            "total": 6.855126381000078,
                                            "count": 8118,
                                            "self": 6.855126381000078
                                        }
                                    }
                                },
                                "workers": {
                                    "total": 0.1632264770011762,
                                    "count": 12358,
                                    "self": 0.0,
                                    "children": {
                                        "worker_root": {
                                            "total": 260.45226397299996,
                                            "count": 12358,
                                            "is_parallel": true,
                                            "self": 34.4113237819995,
                                            "children": {
                                                "steps_from_proto": {
                                                    "total": 0.000936474000000409,
                                                    "count": 1,
                                                    "is_parallel": true,
                                                    "self": 0.00010494400000027326,
                                                    "children": {
                                                        "_process_vector_observation": {
                                                            "total": 0.0008315300000001358,
                                                            "count": 2,
                                                            "is_parallel": true,
                                                            "self": 0.0008315300000001358
                                                        }
                                                    }
                                                },
                                                "UnityEnvironment.step": {
                                                    "total": 226.04000371700045,
                                                    "count": 12358,
                                                    "is_parallel": true,
                                                    "self": 2.3567941470014944,
                                                    "children": {
                                                        "UnityEnvironment._generate_step_input": {
                                                            "total": 2.410676025999983,
                                                            "count": 12358,
                                                            "is_parallel": true,
                                                            "self": 2.410676025999983
                                                        },
                                                        "communicator.exchange": {
                                                            "total": 212.8401629170012,
                                                            "count": 12358,
                                                            "is_parallel": true,
                                                            "self": 212.8401629170012
                                                        },
                                                        "steps_from_proto": {
                                                            "total": 8.43237062699777,
                                                            "count": 12354,
                                                            "is_parallel": true,
                                                            "self": 1.1293155549964649,
                                                            "children": {
                                                                "_process_vector_observation": {
                                                                    "total": 7.303055072001305,
                                                                    "count": 24708,
                                                                    "is_parallel": true,
                                                                    "self": 7.303055072001305
                                                                }
                                                            }
                                                        }
                                                    }
                                                }
                                            }
                                        }
                                    }
                                }
                            }
                        }
                    }
                },
                "TrainerController._save_models": {
                    "total": 0.608026590999998,
                    "count": 1,
                    "self": 0.0018370199999822034,
                    "children": {
                        "RLTrainer._checkpoint": {
                            "total": 0.6061895710000158,
                            "count": 1,
                            "self": 0.6061895710000158
                        }
                    }
                }
            }
        }
    }
}