{
    "name": "root",
    "metadata": {
        "timer_format_version": "0.1.0",
        "start_time_seconds": "1647539945",
        "python_version": "3.8.5 (default, Sep  4 2020, 02:22:02) \n[Clang 10.0.0 ]",
        "command_line_arguments": "/Users/i.voblenko/Desktop/temp/\u041f\u0440\u043e\u0435\u043a\u0442\u044b/ML Test/venv/bin/mlagents-learn config/walker_conf.yaml --run-id=TestMove10",
        "mlagents_version": "0.20.0",
        "mlagents_envs_version": "0.20.0",
        "communication_protocol_version": "1.1.0",
        "tensorflow_version": "2.7.1",
        "numpy_version": "1.18.5",
        "end_time_seconds": "1647539954"
    },
    "total": 8.772299442,
    "count": 1,
    "self": 0.004294660999999422,
    "children": {
        "run_training.setup": {
            "total": 0.03139223300000005,
            "count": 1,
            "self": 0.03139223300000005
        },
        "TrainerController.start_learning": {
            "total": 8.736612548,
            "count": 1,
            "self": 0.001019664000001086,
            "children": {
                "TrainerController._reset_env": {
                    "total": 7.272182731,
                    "count": 1,
                    "self": 7.272182731
                },
                "TrainerController.advance": {
                    "total": 0.9994555149999975,
                    "count": 19,
                    "self": 0.0001837099999910663,
                    "children": {
                        "env_step": {
                            "total": 0.9992718050000065,
                            "count": 19,
                            "self": 0.9313780570000088,
                            "children": {
                                "SubprocessEnvManager._take_step": {
                                    "total": 0.06761851799999796,
                                    "count": 19,
                                    "self": 0.0004484019999964062,
                                    "children": {
                                        "TFPolicy.evaluate": {
                                            "total": 0.06717011600000156,
                                            "count": 16,
                                            "self": 0.06717011600000156
                                        }
                                    }
                                },
                                "workers": {
                                    "total": 0.00027522999999973763,
                                    "count": 18,
                                    "self": 0.0,
                                    "children": {
                                        "worker_root": {
                                            "total": 2.232345646999999,
                                            "count": 18,
                                            "is_parallel": true,
                                            "self": 1.4079625459999985,
                                            "children": {
                                                "steps_from_proto": {
                                                    "total": 0.0008477030000006991,
                                                    "count": 1,
                                                    "is_parallel": true,
                                                    "self": 9.05450000008301e-05,
                                                    "children": {
                                                        "_process_vector_observation": {
                                                            "total": 0.000757157999999869,
                                                            "count": 2,
                                                            "is_parallel": true,
                                                            "self": 0.000757157999999869
                                                        }
                                                    }
                                                },
                                                "UnityEnvironment.step": {
                                                    "total": 0.8235353979999998,
                                                    "count": 18,
                                                    "is_parallel": true,
                                                    "self": 0.0030249319999953173,
                                                    "children": {
                                                        "UnityEnvironment._generate_step_input": {
                                                            "total": 0.0033592770000012706,
                                                            "count": 18,
                                                            "is_parallel": true,
                                                            "self": 0.0033592770000012706
                                                        },
                                                        "communicator.exchange": {
                                                            "total": 0.8062579160000007,
                                                            "count": 18,
                                                            "is_parallel": true,
                                                            "self": 0.8062579160000007
                                                        },
                                                        "steps_from_proto": {
                                                            "total": 0.010893273000002424,
                                                            "count": 18,
                                                            "is_parallel": true,
                                                            "self": 0.0012953920000020602,
                                                            "children": {
                                                                "_process_vector_observation": {
                                                                    "total": 0.009597881000000363,
                                                                    "count": 36,
                                                                    "is_parallel": true,
                                                                    "self": 0.009597881000000363
                                                                }
                                                            }
                                                        }
                                                    }
                                                }
                                            }
                                        }
                                    }
                                }
                            }
                        }
                    }
                },
                "trainer_threads": {
                    "total": 3.2854000000526185e-05,
                    "count": 1,
                    "self": 3.2854000000526185e-05,
                    "children": {
                        "thread_root": {
                            "total": 0.0,
                            "count": 0,
                            "is_parallel": true,
                            "self": 0.0,
                            "children": {
                                "trainer_advance": {
                                    "total": 0.9726198939999673,
                                    "count": 5744,
                                    "is_parallel": true,
                                    "self": 0.06412133400002773,
                                    "children": {
                                        "process_trajectory": {
                                            "total": 0.9084985599999396,
                                            "count": 5744,