{
    "name": "root",
    "metadata": {
        "timer_format_version": "0.1.0",
        "start_time_seconds": "1647457324",
        "python_version": "3.8.5 (default, Sep  4 2020, 02:22:02) \n[Clang 10.0.0 ]",
        "command_line_arguments": "/Users/i.voblenko/Desktop/temp/\u041f\u0440\u043e\u0435\u043a\u0442\u044b/ML Test/venv/bin/mlagents-learn --run-id=TestThighBlocking10",
        "mlagents_version": "0.20.0",
        "mlagents_envs_version": "0.20.0",
        "communication_protocol_version": "1.1.0",
        "tensorflow_version": "2.7.1",
        "numpy_version": "1.18.5",
        "end_time_seconds": "1647457330"
    },
    "total": 5.691440848,
    "count": 1,
    "self": 0.0463590810000003,
    "children": {
        "run_training.setup": {
            "total": 0.028541736000000206,
            "count": 1,
            "self": 0.028541736000000206
        },
        "TrainerController.start_learning": {
            "total": 5.6165400309999995,
            "count": 1,
            "self": 0.0006855239999996598,
            "children": {
                "TrainerController._reset_env": {
                    "total": 4.7809686540000005,
                    "count": 1,
                    "self": 4.7809686540000005
                },
                "TrainerController.advance": {
                    "total": 0.562940536000001,
                    "count": 11,
                    "self": 9.958600000103957e-05,
                    "children": {
                        "env_step": {
                            "total": 0.56284095,
                            "count": 11,
                            "self": 0.5338018779999985,
                            "children": {
                                "SubprocessEnvManager._take_step": {
                                    "total": 0.028948093000002117,
                                    "count": 11,
                                    "self": 0.00020201600000202546,
                                    "children": {
                                        "TFPolicy.evaluate": {
                                            "total": 0.028746077000000092,
                                            "count": 11,
                                            "self": 0.028746077000000092
                                        }
                                    }
                                },
                                "workers": {
                                    "total": 9.097899999943593e-05,
                                    "count": 10,
                                    "self": 0.0,
                                    "children": {
                                        "worker_root": {
                                            "total": 0.8292758559999998,
                                            "count": 10,
                                            "is_parallel": true,
                                            "self": 0.7745022290000003,
                                            "children": {
                                                "steps_from_proto": {
                                                    "total": 0.00023240800000046136,
                                                    "count": 1,
                                                    "is_parallel": true,
                                                    "self": 7.068200000048819e-05,
                                                    "children": {
                                                        "_process_vector_observation": {
                                                            "total": 0.00016172599999997317,
                                                            "count": 2,
                                                            "is_parallel": true,
                                                            "self": 0.00016172599999997317
                                                        }
                                                    }
                                                },
                                                "UnityEnvironment.step": {
                                                    "total": 0.054541218999998975,
                                                    "count": 10,
                                                    "is_parallel": true,
                                                    "self": 0.0005884120000008153,
                                                    "children": {
                                                        "UnityEnvironment._generate_step_input": {
                                                            "total": 0.00045561900000024025,
                                                            "count": 10,
                                                            "is_parallel": true,
                                                            "self": 0.00045561900000024025
                                                        },
                                                        "communicator.exchange": {
                                                            "total": 0.05195117899999957,
                                                            "count": 10,
                                                            "is_parallel": true,
                                                            "self": 0.05195117899999957
                                                        },
                                                        "steps_from_proto": {
                                                            "total": 0.0015460089999983495,
                                                            "count": 10,
                                                            "is_parallel": true,
                                                            "self": 0.0005963849999979232,
                                                            "children": {
                                                                "_process_vector_observation": {
                                                                    "total": 0.0009496240000004263,
                                                                    "count": 20,
                                                                    "is_parallel": true,
                                                                    "self": 0.0009496240000004263
                                                                }
                                                            }
                                                        }
                                                    }
                                                }
                                            }
                                        }
                                    }
                                }
                            }
                        }
                    }
                },
                "trainer_threads": {
                    "total": 1.5066999999646669e-05,
                    "count": 1,
                    "self": 1.5066999999646669e-05,
                    "children": {
                        "thread_root": {
                            "total": 0.0,
                            "count": 0,
                            "is_parallel": true,
                            "self": 0.0,
                            "children": {
                                "trainer_advance": {
                                    "total": 0.5464616480000082,
                                    "count": 3610,
                                    "is_parallel": true,
                                    "self": 0.04034772900002448,
                                    "children": {
                                        "process_trajectory": {
                                            "total": 0.5061139189999837,
                                            "count": 3610,